{
    "learning_rate": 0.0009159298686184966,
    "weight_decay": 1.7828329328207292e-05,
    "dropout_rate": 0.5147227620042275
}